id,username,date,time,tweet,user_id,timezone,mentions,hashtags,replies_count,likes_count,retweets_count,replies_count.1,cleaned_review,sentiment_polarity,sentiment,sentiment_int
1339587433780809731,kelmanlawcrypto,2020-12-17,20:35:07,"#Microsoft, #EY Expand Blockchain Platform for Gaming Rights to Include Payments  For the creation of new contracts, Microsoft will be using [#AI] powered by Microsoft #Azure.   https://t.co/mX8X9fSIpd  Via @CoinDesk #payments #videogames #blockchain #adoption #Xbox #royalties",1273991249389924352,530,['CoinDesk'],"['Microsoft', 'EY', 'AI', 'Azure', 'payments', 'videogames', 'blockchain', 'adoption', 'Xbox', 'royalties']",0,0,2,0,microsoft ey expand blockchain platform for gaming rights to include payments for the creation of new contracts microsoft will be using ai powered by microsoft azure via coindesk payments videogames blockchain adoption xbox royalties,0.13636363636363635,Positive,1
1339269299710685188,gooner4lif,2020-12-16,23:30:58,Xbox will now use #blockchain for #gaming #rights &amp; #royalties  https://t.co/IPWRh2GIuv #Microsoft @Microsoft #accounting #ERP #finance #contractmanagement #game #entertainment #EY @EYnews #world #people #developer #gamedeveloper #tech #technology #artificalintelligence #AI,157875413,530,"['Microsoft', 'EYnews']","['blockchain', 'gaming', 'rights', 'royalties', 'Microsoft', 'accounting', 'ERP', 'finance', 'contractmanagement', 'game', 'entertainment', 'EY', 'world', 'people', 'developer', 'gamedeveloper', 'tech', 'technology', 'artificalintelligence', 'AI']",0,1,1,0,xbox will now use blockchain for gaming rights amp royalties microsoft microsoft accounting erp finance contractmanagement game entertainment ey eynews world people developer gamedeveloper tech technology artificalintelligence ai,-0.4,Negative,-1
1338952398384082945,_n3stor,2020-12-16,02:31:42,EY and Microsoft Expand Xbox Enterprise Blockchain Platform for Rights and Royalties Management.  https://t.co/jocn3F3X1k via @BusinessWire CC: @EYnews #EY #Microsoft #Blockchain #Azure #AI,4441171587,530,"['BusinessWire', 'EYnews']","['EY', 'Microsoft', 'Blockchain', 'Azure', 'AI']",0,1,2,0,ey and microsoft expand xbox enterprise blockchain platform for rights and royalties management via businesswire cc eynews ey microsoft blockchain azure ai,0.0,Neutral,0
1338899133902544897,alexfc007,2020-12-15,23:00:03,"new #AI use case as cloud service, #EY platform hosted on IBM Cloud and using IBM #Watson Discovery to reframe the future of M&amp;A due diligence #ibmcloud #KI  https://t.co/Lrz7OZxsdO",257589477,530,[],"['AI', 'EY', 'Watson', 'ibmcloud', 'KI']",0,0,1,0,new ai use case as cloud service ey platform hosted on ibm cloud and using ibm watson discovery to reframe the future of mampa due diligence ibmcloud ki,0.0037878787878787845,Neutral,0
1337009261067563008,thomaslutz,2020-12-10,17:50:22,Eine neue #EY Studie zeigt den √∂ffentlichen Sektor in √ñsterreich beim Thema K√ºnstliche Intelligenz auf einem guten Weg. Allerdings werden die Potentiale bei weitem nicht ausgesch√∂pft.  #AI #KI Kathrin Wacker  https://t.co/OAkRExPhl5,57291114,530,[],"['EY', 'AI', 'KI']",0,0,0,0,eine neue ey studie zeigt den ffentlichen sektor in sterreich beim thema knstliche intelligenz auf einem guten weg allerdings werden die potentiale bei weitem nicht ausgeschpft ai ki kathrin wacker,0.0,Neutral,0
1336887858624253954,aczw900,2020-12-10,09:47:58,Our baby MAKING HEADLINES on BLOOMBERG!!! #tech #AI #ibmcloud #EY  https://t.co/mu83ahblV2,2419944702,530,[],"['tech', 'AI', 'ibmcloud', 'EY']",0,0,0,0,our baby making headlines on bloomberg tech ai ibmcloud ey,0.0,Neutral,0
1336471888730742786,omarramirezorti,2020-12-09,06:15:03,#EY Diligence Edge dise√±ado para revolucionar los procesos de due diligence en las fusiones y adquisiciones (M&amp;A) con la incorporaci√≥n de inteligencia artificial.  https://t.co/FKCFW8QZl9 #AI #EcosystemValueRealized  #IBM,206698503,530,[],"['EY', 'AI', 'EcosystemValueRealized', 'IBM']",0,0,0,0,ey diligence edge diseado para revolucionar los procesos de due diligence en las fusiones y adquisiciones mampa con la incorporacin de inteligencia artificial ai ecosystemvaluerealized ibm,-0.3625,Negative,-1
1336363209440301064,jeff__wong,2020-12-08,23:03:12,"Driving successful #AI business strategies relies on robust ethical practices to enforce #trust, transparency and privacy. Great to see #EY recognized as a global leader in @Forbes in building AI trust through our comprehensive TrustedAI framework.  https://t.co/0wGvUtZsVt",3285755682,530,['Forbes'],"['AI', 'trust', 'EY']",0,6,0,0,driving successful ai business strategies relies on robust ethical practices to enforce trust transparency and privacy great to see ey recognized as a global leader in forbes in building ai trust through our comprehensive trustedai framework,0.4375,Positive,1
1334427510348582917,ey_cyprus,2020-12-03,14:51:25,"#EY releases findings from global survey Bridging AI‚Äôs trust gaps report, including significant differences in how the public and private sectors view the future of ethics, governance, privacy, policy and regulation of #AI technologies. Read More:  https://t.co/7SLZR2f2q3  https://t.co/mnkatxZp9P",1565718301,530,[],"['EY', 'AI']",0,1,0,0,ey releases findings from global survey bridging ais trust gaps report including significant differences in how the public and private sectors view the future of ethics governance privacy policy and regulation of ai technologies read more,0.14583333333333334,Positive,1
1331255238590918662,luminancetech,2020-11-24,20:45:57,@lawdotcom has announced that @EYnews Law are using Luminance's AI to process thousands of contracts before the LIBOR transition deadline.  Read more on  https://t.co/kIzHlG8zXb here:  https://t.co/BsdMaQo2Uu  #legalAI #lawtech #AI #EY #bigfour #LIBOR #libortransition,3429995201,530,"['lawdotcom', 'EYnews']","['legalAI', 'lawtech', 'AI', 'EY', 'bigfour', 'LIBOR', 'libortransition']",0,0,0,0,lawdotcom has announced that eynews law are using luminances ai to process thousands of contracts before the libor transition deadline read more on here legalai lawtech ai ey bigfour libor libortransition,0.5,Positive,1
1326782240982962176,itkanal,2020-11-12,12:31:51,Genombrott n√§ra f√∂r #AI i offentlig sektor ‚Äì men v√§rdet m√•ste tydligg√∂ras - #Microsoft och #EY har tillsammans unders√∂kt anv√§ndningen av tj√§nster med artificiell intelligens (#AI) inom Europas offentliga  ... - IT-Kanalen -  https://t.co/RrATEoHSdj - #JennicaAndersson - #ITKUNSKAP  https://t.co/P1D3QIOpWM,2251845919,530,[],"['AI', 'Microsoft', 'EY', 'AI', 'JennicaAndersson', 'ITKUNSKAP']",0,0,1,0,genombrott nra fr ai i offentlig sektor men vrdet mste tydliggras microsoft och ey har tillsammans underskt anvndningen av tjnster med artificiell intelligens ai inom europas offentliga itkanalen jennicaandersson itkunskap,0.0,Neutral,0
1323827372630499328,sayantan77,2020-11-04,08:50:15,#newreport from NASSCOM and EY  highlighting key #AI opportunities in the BFSI sector!!  #ey #nasscom #newrport #artificialintelligence #bfsisector #betterworkingworld #eydigital  https://t.co/OZFWeK7rl6,193245227,530,[],"['newreport', 'AI', 'ey', 'nasscom', 'newrport', 'artificialintelligence', 'bfsisector', 'betterworkingworld', 'eydigital']",0,0,1,0,newreport from nasscom and ey highlighting key ai opportunities in the bfsi sector ey nasscom newrport artificialintelligence bfsisector betterworkingworld eydigital,0.0,Neutral,0
1317151539727839233,metoscm,2020-10-16,22:42:53,EYnews via NodeXL  https://t.co/CkHYTKtPxv @eynews @theeconomist @ivanned1 @antgrasso @peterxing @diversityinc @financialit_net @reachcsrini @icsmcredit @mwebaruno  Top hashtags: #betterworkingworld #covid19 #wirecard #miglobal #ai #esg #sustainablebizsummit #ey /,2994261783,530,"['eynews', 'theeconomist', 'ivanned1', 'antgrasso', 'peterxing', 'diversityinc', 'financialit_net', 'reachcsrini', 'icsmcredit', 'mwebaruno']","['betterworkingworld', 'covid19', 'wirecard', 'miglobal', 'ai', 'esg', 'sustainablebizsummit', 'ey']",0,6,0,0,eynews via nodexl eynews theeconomist ivanned1 antgrasso peterxing diversityinc financialitnet reachcsrini icsmcredit mwebaruno top hashtags betterworkingworld covid19 wirecard miglobal ai esg sustainablebizsummit ey,0.5,Positive,1
1317141018261692416,nodexl_mktng,2020-10-16,22:01:04,EYnews via NodeXL  https://t.co/2oHDLoFbhR @eynews @theeconomist @ivanned1 @antgrasso @peterxing @diversityinc @financialit_net @reachcsrini @icsmcredit @mwebaruno  Top hashtags: #betterworkingworld #covid19 #wirecard #miglobal #ai #esg #sustainablebizsummit #ey,864995845673897984,530,"['eynews', 'theeconomist', 'ivanned1', 'antgrasso', 'peterxing', 'diversityinc', 'financialit_net', 'reachcsrini', 'icsmcredit', 'mwebaruno']","['betterworkingworld', 'covid19', 'wirecard', 'miglobal', 'ai', 'esg', 'sustainablebizsummit', 'ey']",0,1,0,0,eynews via nodexl eynews theeconomist ivanned1 antgrasso peterxing diversityinc financialitnet reachcsrini icsmcredit mwebaruno top hashtags betterworkingworld covid19 wirecard miglobal ai esg sustainablebizsummit ey,0.5,Positive,1
1316021618309652485,esterlingcarlos,2020-10-13,19:52:58,"Poor data quality is not a new problem faced by enterprises, but it is a growing one. Join and listen how EY‚Äôs Data and Analytics teams are leveraging #AI and machine learning to address #data quality challenges at their clients. #EY  https://t.co/iYWbCFbD9m",2892261749,530,[],"['AI', 'data', 'EY']",0,0,0,0,poor data quality is not a new problem faced by enterprises but it is a growing one join and listen how eys data and analytics teams are leveraging ai and machine learning to address data quality challenges at their clients ey,-0.2340909090909091,Negative,-1
1315961501363122178,kirkjesper,2020-10-13,15:54:05,"Poor data quality is not a new problem faced by enterprises, but it is a growing one. Join and listen how EY‚Äôs Data and Analytics teams are leveraging #AI and machine learning to address #data quality challenges at their clients. #EY  https://t.co/cI2Gx9Znad",2659750720,530,[],"['AI', 'data', 'EY']",0,0,1,0,poor data quality is not a new problem faced by enterprises but it is a growing one join and listen how eys data and analytics teams are leveraging ai and machine learning to address data quality challenges at their clients ey,-0.2340909090909091,Negative,-1
1315896607502721025,alexpet11873977,2020-10-13,11:36:14,"Poor data quality is not a new problem faced by enterprises, but it is a growing one. Join and listen how EY‚Äôs Data and Analytics teams are leveraging #AI and machine learning to address #data quality challenges at their clients. #EY  https://t.co/IsI9O8foVs",989032124073340928,530,[],"['AI', 'data', 'EY']",0,0,0,0,poor data quality is not a new problem faced by enterprises but it is a growing one join and listen how eys data and analytics teams are leveraging ai and machine learning to address data quality challenges at their clients ey,-0.2340909090909091,Negative,-1
1314163631219671040,microsoftirl,2020-10-08,16:50:00,"Our new research with @EY_Ireland into AI and the Irish public sector reveals challenges in leadership, commitment and demonstrating value of AI. Find out more and download our report.  https://t.co/vqJsRcL6Ow  #AI #EY #artificialintelligence",2342240372,530,['EY_Ireland'],"['AI', 'EY', 'artificialintelligence']",0,5,3,0,our new research with eyireland into ai and the irish public sector reveals challenges in leadership commitment and demonstrating value of ai find out more and download our report ai ey artificialintelligence,0.1590909090909091,Positive,1
1311342102987464715,antimomusone,2020-09-30,21:58:15,#Microsoft has been named a leader in Forrester‚Äôs Wave report on Notebook-Based Predictive Analytics and Machine Learning (PAML). #EY through Microsoft Alliance will drive your AI transformation with new capabilities for developing and explaining #AI apps‚Ä¶ https://t.co/fWqm7cyarI,352308687,530,[],"['Microsoft', 'EY', 'AI']",0,2,2,0,microsoft has been named a leader in forresters wave report on notebookbased predictive analytics and machine learning paml ey through microsoft alliance will drive your ai transformation with new capabilities for developing and explaining ai apps,0.13636363636363635,Positive,1
1308100759754551298,plimantour,2020-09-21,23:18:19,#EY is transforming the #transaction #diligence #process with #IBM #Watson #AI.  https://t.co/RlVsh8TbnZ,62098160,530,[],"['EY', 'transaction', 'diligence', 'process', 'IBM', 'Watson', 'AI']",0,0,1,0,ey is transforming the transaction diligence process with ibm watson ai,0.0,Neutral,0
1308039527777275910,marco_vernocchi,2020-09-21,19:15:00,"Inexpensive sensor technology has generated massive amounts of #data - which #AI consumes to learn from experience, make decisions, and deliver enhanced insights. But can this intelligence be trusted?   #EY #TrustedIntelligence   https://t.co/Mlnx3YaJWS",1301156903813345280,530,[],"['data', 'AI', 'EY', 'TrustedIntelligence']",0,1,0,0,inexpensive sensor technology has generated massive amounts of data which ai consumes to learn from experience make decisions and deliver enhanced insights but can this intelligence be trusted ey trustedintelligence,0.0,Neutral,0
1307398662268612610,prof_satisci,2020-09-20,00:48:26,‚Ä¢69% of #telco leaders say #5G and IoT will lead digital transformation drive ‚Ä¢Only 44% see #network performance as a critical use case for AI and automation ‚Ä¢67% believe talent is the biggest obstacle to analytics and #AI deployment by #EY  https://t.co/JrSB5WoLSc,1302003120692760582,530,[],"['telco', '5G', 'network', 'AI', 'EY']",0,3,0,0,69 of telco leaders say 5g and iot will lead digital transformation drive only 44 see network performance as a critical use case for ai and automation 67 believe talent is the biggest obstacle to analytics and ai deployment by ey,0.0,Neutral,0
1306178200209301536,whiziblepms,2020-09-16,15:58:45,Will you use AI for your business? #AI #artificialintelligence #NASSCOM #EY #Whizible #business #technology  https://t.co/eHq7H4h8Ka,932475434343661569,530,[],"['AI', 'artificialintelligence', 'NASSCOM', 'EY', 'Whizible', 'business', 'technology']",0,1,1,0,will you use ai for your business ai artificialintelligence nasscom ey whizible business technology,0.0,Neutral,0
1302015160442257409,jatins,2020-09-05,04:16:19,#Indianenterprises weigh #Riskmanagement capabilities to drive #AI success. #Betterworld #ArtificialIntelligence #Data #Nasscom #technology #EY #RPA,18414117,530,[],"['Indianenterprises', 'Riskmanagement', 'AI', 'Betterworld', 'ArtificialIntelligence', 'Data', 'Nasscom', 'technology', 'EY', 'RPA']",0,1,3,0,indianenterprises weigh riskmanagement capabilities to drive ai success betterworld artificialintelligence data nasscom technology ey rpa,0.3,Positive,1
1302013356774060032,bm_nxt,2020-09-05,04:09:09,#Enterprises jump on the #AI bandwagon but seat belts are few  https://t.co/cgfSKAnUNH  #ArtificialIntelligence #ey #Nasscom #ernstandyoung #RPA #enterprisetechnology #technews #indiatech #DataScience #MachineLearning #Analytics #survey,745470658553909248,530,[],"['Enterprises', 'AI', 'ArtificialIntelligence', 'ey', 'Nasscom', 'ernstandyoung', 'RPA', 'enterprisetechnology', 'technews', 'indiatech', 'DataScience', 'MachineLearning', 'Analytics', 'survey']",0,2,5,0,enterprises jump on the ai bandwagon but seat belts are few artificialintelligence ey nasscom ernstandyoung rpa enterprisetechnology technews indiatech datascience machinelearning analytics survey,-0.2,Negative,-1
1301561060474777601,wga_consulting,2020-09-03,22:11:53,What is your company doing in Q4/20 in response to the pandemic? Learn how WGA can help:  https://t.co/SOGlPGwm5M  #ai #business #ceo #coo #cio #cfo #consulting #mckinsey #bcg #bain #ey #kpmg #Biden2020 #YangGang #layoffs  https://t.co/HGqHypb64e,110229849,530,[],"['ai', 'business', 'ceo', 'coo', 'cio', 'cfo', 'consulting', 'mckinsey', 'bcg', 'bain', 'ey', 'kpmg', 'Biden2020', 'YangGang', 'layoffs']",0,1,2,0,what is your company doing in q420 in response to the pandemic learn how wga can help ai business ceo coo cio cfo consulting mckinsey bcg bain ey kpmg biden2020 yanggang layoffs,0.0,Neutral,0
1301558072771407872,2domarktgsolns,2020-09-03,22:00:00,"60% of enterprises believe #AI will disrupt their business in 2-3 years: #Nasscom / #EY Seventy percent of #Indian #enterprises that deployed AI have achieved measurable results.    https://t.co/S83puuRiBF   with regards, #2Do #Marketing #Solutions  https://t.co/kNEZn5KqrH",950721798902972417,530,[],"['AI', 'Nasscom', 'EY', 'Indian', 'enterprises', '2Do', 'Marketing', 'Solutions']",0,0,1,0,60 of enterprises believe ai will disrupt their business in 23 years nasscom ey seventy percent of indian enterprises that deployed ai have achieved measurable results with regards 2do marketing solutions,0.0,Neutral,0
1301552621434535936,techherald_in,2020-09-03,21:38:21,70% of #Indian #enterprises that deployed #AI (#artificialIntelligence) have achieved measurable results. While 60% of them believe #AI will disrupt their #business within the next 2-3 years: #NASSCOM study in association with #EY -  https://t.co/UHFaXB4W18,3186798984,530,[],"['Indian', 'enterprises', 'AI', 'artificialIntelligence', 'AI', 'business', 'NASSCOM', 'EY']",0,0,0,0,70 of indian enterprises that deployed ai artificialintelligence have achieved measurable results while 60 of them believe ai will disrupt their business within the next 23 years nasscom study in association with ey,0.0,Neutral,0
1301444998072692736,ethrworld,2020-09-03,14:30:41,ETHRWorld | 60% of enterprises believe AI will disrupt their business in 2-3 years: Nasscom/EY #ArtificialIntelligence #Agriculture #Nasscom #EY #Bfsi #Ai #Healthcare  https://t.co/JFo0jEUgVe,1247522742842224650,530,[],"['ArtificialIntelligence', 'Agriculture', 'Nasscom', 'EY', 'Bfsi', 'Ai', 'Healthcare']",0,0,0,0,ethrworld 60 of enterprises believe ai will disrupt their business in 23 years nasscomey artificialintelligence agriculture nasscom ey bfsi ai healthcare,0.0,Neutral,0
1300976402695512064,wga_consulting,2020-09-02,07:28:40,Wishing it would go away is not a winning business strategy. Dark times ahead.  Learn how WGA can help:  https://t.co/SOGlPGwm5M  #ai #business #ceo #coo #cio #cfo #consulting #mckinsey #bcg #bain #ey #kpmg  https://t.co/Cy4MQwl969,110229849,530,[],"['ai', 'business', 'ceo', 'coo', 'cio', 'cfo', 'consulting', 'mckinsey', 'bcg', 'bain', 'ey', 'kpmg']",0,0,1,0,wishing it would go away is not a winning business strategy dark times ahead learn how wga can help ai business ceo coo cio cfo consulting mckinsey bcg bain ey kpmg,-0.2,Negative,-1
1300911129191829504,katietole,2020-09-02,03:09:17,Spent the evening rereading Blue Ocean Strategy and reflecting how well it paired with researching and building #AI tools at #EY. My mind breaks a tiny bit thinking about how much we learned during any given week.,119935287,530,[],"['AI', 'EY']",0,0,0,0,spent the evening rereading blue ocean strategy and reflecting how well it paired with researching and building ai tools at ey my mind breaks a tiny bit thinking about how much we learned during any given week,0.025,Neutral,0
1300877764623384578,mvillanuevas_13,2020-09-02,00:56:42,¬øQu√© pasa cuando las grandes mentes no piensan igual? ¬°Muy pronto!   #Robot√≥nEY2020 ¬øEst√°s list@ para el reto?  #artificialintelligence #innovation #ai #EY #automationanywhere #RPA #IntelligentAutomation @EYMexico  https://t.co/64rWI4DUb3,366602431,530,['EYMexico'],"['Robot√≥nEY2020', 'artificialintelligence', 'innovation', 'ai', 'EY', 'automationanywhere', 'RPA', 'IntelligentAutomation']",0,1,0,0,qu pasa cuando las grandes mentes no piensan igual muy pronto robotney2020 ests list para el reto artificialintelligence innovation ai ey automationanywhere rpa intelligentautomation eymexico,0.0,Neutral,0
1299239989130203136,tiehyderabad,2020-08-28,12:28:46,#techinnovation #AI #blockchain #cloudcomputing #5g #LoT #machinelearning #entrepreneur #technologicalinnovation #ey #tieemtech #tieglobal,64621893,530,[],"['techinnovation', 'AI', 'blockchain', 'cloudcomputing', '5g', 'LoT', 'machinelearning', 'entrepreneur', 'technologicalinnovation', 'ey', 'tieemtech', 'tieglobal']",0,0,0,0,techinnovation ai blockchain cloudcomputing 5g lot machinelearning entrepreneur technologicalinnovation ey tieemtech tieglobal,0.0,Neutral,0
1299157123658469376,wga_consulting,2020-08-28,06:59:30,"Strategic Cost Cutting in the Next Normal.   Connect costs and strategy If it's not strategy or core, cut it Streamline distribution Fix what's broken Avoid the layoff trap   https://t.co/VHfgNmmOl1  #ai #business #ceo #coo #cio #cfo #consulting #mckinsey #bcg #bain #ey #kpmg  https://t.co/tSkm40MYyD",110229849,530,[],"['ai', 'business', 'ceo', 'coo', 'cio', 'cfo', 'consulting', 'mckinsey', 'bcg', 'bain', 'ey', 'kpmg']",1,10,2,1,strategic cost cutting in the next normal connect costs and strategy if its not strategy or core cut it streamline distribution fix whats broken avoid the layoff trap ai business ceo coo cio cfo consulting mckinsey bcg bain ey kpmg,-0.2125,Negative,-1
1298914536221806592,antimomusone,2020-08-27,14:55:32,What are the key goals that you plan to achieve with your AI initiatives specifically? #ai  #reframeyourfuture #digitaldisruption #digitalacceleration #artificialintelligence #ey  https://t.co/SvjRqLoBUc,352308687,530,[],"['ai', 'reframeyourfuture', 'digitaldisruption', 'digitalacceleration', 'artificialintelligence', 'ey']",0,1,0,0,what are the key goals that you plan to achieve with your ai initiatives specifically ai reframeyourfuture digitaldisruption digitalacceleration artificialintelligence ey,0.0,Neutral,0
1296537611696082944,wga_consulting,2020-08-21,01:30:29,"Strategic Cost Cutting in the Next Normal.   1. Connect operational costs and strategy 2. If it's not strategy or core, cut it 3. Streamline distribution 4. Fix what's broken 5. Avoid the layoff trap  #ai #business #ceo #coo #cio #cfo #consulting #mckinsey #bcg #bain #ey #kpmg  https://t.co/zte91c6i93",110229849,530,[],"['ai', 'business', 'ceo', 'coo', 'cio', 'cfo', 'consulting', 'mckinsey', 'bcg', 'bain', 'ey', 'kpmg']",0,1,2,0,strategic cost cutting in the next normal 1 connect operational costs and strategy 2 if its not strategy or core cut it 3 streamline distribution 4 fix whats broken 5 avoid the layoff trap ai business ceo coo cio cfo consulting mckinsey bcg bain ey kpmg,-0.2125,Negative,-1
1295526531054424064,cindymgordon,2020-08-18,06:32:49,See CEO @SalesChoice_inc SalesChoice #Dr.CIndyGordon interview #EY #CathyCobey @Forbes #AI blog channel  https://t.co/eUOX4epgDT,724345315,530,"['SalesChoice_inc', 'Forbes']","['Dr', 'EY', 'CathyCobey', 'AI']",0,0,0,0,see ceo saleschoiceinc saleschoice drcindygordon interview ey cathycobey forbes ai blog channel,0.0,Neutral,0
1293122431779995648,ey_pressuk,2020-08-11,15:19:47,"As @MicrosoftUK warns that the UK is falling behind in the global AI race, Chris Withers, #EY UK head of AI for financial services tells @CityAM that ‚Äúmany companies struggle to move #AI projects from proof of concept to production‚Äù  https://t.co/KxU7bVQRSB",466994313,530,"['MicrosoftUK', 'CityAM']","['EY', 'AI']",0,1,1,0,as microsoftuk warns that the uk is falling behind in the global ai race chris withers ey uk head of ai for financial services tells cityam that many companies struggle to move ai projects from proof of concept to production,0.024999999999999994,Neutral,0
1292658183526387713,swisscognitive,2020-08-10,08:35:02,"#EY released findings from a global survey finding significant differences in how the public and private sectors view the future of #ethics, governance, privacy, policy and regulation of #artificialintelligence (#AI) technologies.    https://t.co/JtrUQEaAng",808051518242979841,530,[],"['EY', 'ethics', 'artificialintelligence', 'AI']",0,9,8,0,ey released findings from a global survey finding significant differences in how the public and private sectors view the future of ethics governance privacy policy and regulation of artificialintelligence ai technologies,0.075,Neutral,0
1291692945410859008,catrionacampbel,2020-08-07,16:39:31,"#EY recently found many don't trust #AI due to bias &amp; data privacy concerns. But EU #AIregulation will tackle these issues using a multistakeholder approach. And firms can do their part, incorporating trust-building mechanisms into planning &amp; leadership.  https://t.co/G3Cn3KjDUs",13570102,530,[],"['EY', 'AI', 'AIregulation']",0,0,0,0,ey recently found many dont trust ai due to bias amp data privacy concerns but eu airegulation will tackle these issues using a multistakeholder approach and firms can do their part incorporating trustbuilding mechanisms into planning amp leadership,0.125,Positive,1
1291608057198379008,rolfmeissler,2020-08-07,11:02:12,"@SZ @nike_leonhard @NRA @realDonaldTrump @thodenk Wir haben #EY , #Wirecard, #bafin, #Amthor, #AI.....",803537152634159104,530,"['SZ', 'nike_leonhard', 'NRA', 'realDonaldTrump', 'thodenk']","['EY', 'Wirecard', 'bafin', 'Amthor', 'AI']",1,1,0,1,sz nikeleonhard nra realdonaldtrump thodenk wir haben ey wirecard bafin amthor ai,0.0,Neutral,0
1291558941017509888,benchiangey,2020-08-07,07:47:02,"#EY's Trusted AI Platform uses #Microsoft Azure Machine Learning capabilities to assess and mitigate unfairness in #MachineLearning models, helps organizations ‚Äîand their #regulators ‚Äîdevelop confidence in #AI and machine learning.  https://t.co/Rmps8kgZBK?",973933854451933184,530,[],"['EY', 'Microsoft', 'MachineLearning', 'regulators', 'AI']",0,1,1,0,eys trusted ai platform uses microsoft azure machine learning capabilities to assess and mitigate unfairness in machinelearning models helps organizations and their regulators develop confidence in ai and machine learning,0.0,Neutral,0
1288460201402806275,ey_greece,2020-07-29,18:33:45,Œ†ŒøŒπŒ± Œ∏Œ± œÄœÅŒ≠œÄŒµŒπ ŒΩŒ± ŒµŒØŒΩŒ±Œπ Œ∑ Œ∫ŒøœÅœÖœÜŒ±ŒØŒ± œÄœÅŒøœÑŒµœÅŒ±ŒπœåœÑŒ∑œÑŒ± œÑœâŒΩ Œ∫Œ±œÑŒ±ŒΩŒ±ŒªœâœÑœéŒΩ œåœÉŒøŒΩ Œ±œÜŒøœÅŒ¨ œÑŒøœÖœÇ Œ±ŒªŒ≥œåœÅŒπŒ∏ŒºŒøœÖœÇ œÖŒ≥ŒµŒπŒøŒΩŒøŒºŒπŒ∫ŒÆœÇ œÄŒµœÅŒØŒ∏Œ±ŒªœàŒ∑œÇ; #BetterWorkingWorld   #EYGreece #EY #AI #TransformativeAge #Poll,1857095750,530,[],"['BetterWorkingWorld', 'EYGreece', 'EY', 'AI', 'TransformativeAge', 'Poll']",0,3,3,0,betterworkingworld eygreece ey ai transformativeage poll,0.0,Neutral,0
1288136554217496578,sayantan77,2020-07-28,21:07:41,How to harness #AI s Power and energize the human Enterprise!!  #artificialintelligence #enterprise #industrytrends #consumerbehavior #digitaltransformation #ey #eydigital #eyalliance #marketstrategy #betterworkingworld  https://t.co/onCTGgBUWp,193245227,530,[],"['AI', 'artificialintelligence', 'enterprise', 'industrytrends', 'consumerbehavior', 'digitaltransformation', 'ey', 'eydigital', 'eyalliance', 'marketstrategy', 'betterworkingworld']",0,0,0,0,how to harness ai s power and energize the human enterprise artificialintelligence enterprise industrytrends consumerbehavior digitaltransformation ey eydigital eyalliance marketstrategy betterworkingworld,0.0,Neutral,0
1287312254522863616,plimantour,2020-07-26,14:32:13,How can building trust in #AI accelerate your transformation? By #EYQ (#EY's think tank)  https://t.co/nLe6L2UnY6,62098160,530,[],"['AI', 'EYQ', 'EY']",1,1,0,1,how can building trust in ai accelerate your transformation by eyq eys think tank,0.0,Neutral,0
1285479497459011584,ey_greece,2020-07-21,13:09:29,"Œ†ŒøŒπŒ± Œ∏Œ± œÄœÅŒ≠œÄŒµŒπ ŒΩŒ± ŒµŒØŒΩŒ±Œπ Œ∑ Œ∫ŒøœÅœÖœÜŒ±ŒØŒ± œÄœÅŒøœÑŒµœÅŒ±ŒπœåœÑŒ∑œÑŒ± Œ≥ŒπŒ± œÑŒ∑ŒΩ œÄœÅŒøœÉœÑŒ±œÉŒØŒ± œÑœâŒΩ Œ∫Œ±œÑŒ±ŒΩŒ±ŒªœâœÑœéŒΩ, œåœÑŒ±ŒΩ œáœÅŒ∑œÉŒπŒºŒøœÄŒøŒπŒøœçŒΩœÑŒ±Œπ Œ∫Œ¨ŒºŒµœÅŒµœÇ Œ±ŒΩŒ±Œ≥ŒΩœéœÅŒπœÉŒ∑œÇ œÄœÅŒøœÉœéœÄŒøœÖ Œ≥ŒπŒ± œÑŒ∑ŒΩ ŒµœÄŒπŒ≤ŒøŒªŒÆ œÑŒøœÖ ŒΩœåŒºŒøœÖ;  #EY #EYGreece #AI #BetterWorkingWorld",1857095750,530,[],"['EY', 'EYGreece', 'AI', 'BetterWorkingWorld']",0,3,4,0,ey eygreece ai betterworkingworld,0.0,Neutral,0
1285222454231801856,andybrown74,2020-07-20,20:08:06,#IBM strikes multi-year alliance with #EY via @WRALTechWire  https://t.co/kdNkw8LWrb #hybridcloud #AI #RedHat #OpenShift,385160318,530,['WRALTechWire'],"['IBM', 'EY', 'hybridcloud', 'AI', 'RedHat', 'OpenShift']",0,4,2,0,ibm strikes multiyear alliance with ey via wraltechwire hybridcloud ai redhat openshift,0.0,Neutral,0
1284086423524605952,antimomusone,2020-07-17,16:53:55,Missione compiuta!!! Certificazione Azure Machine Learning superata! Stefania Casella  Federico Bianca @EY_Italy #ai #machinelearning #learning #azure #microsoft #ey #betterworkingworld  https://t.co/VvDQHNyEBw,352308687,530,['EY_Italy'],"['ai', 'machinelearning', 'learning', 'azure', 'microsoft', 'ey', 'betterworkingworld']",0,1,1,0,missione compiuta certificazione azure machine learning superata stefania casella federico bianca eyitaly ai machinelearning learning azure microsoft ey betterworkingworld,0.0,Neutral,0
1284061631366955008,ey_cyprus,2020-07-17,15:15:24,"#EY announced findings from Transforming Paradigms: Global AI in Financial Services Survey, anticipating Artificial intelligence will be an essential business driver for financial services within two years. Read More:  https://t.co/BmJoJbd69X #EYCyprus #BetterWorkingWorld #AI  https://t.co/xty0yULHEb",1565718301,530,[],"['EY', 'EYCyprus', 'BetterWorkingWorld', 'AI']",0,1,1,0,ey announced findings from transforming paradigms global ai in financial services survey anticipating artificial intelligence will be an essential business driver for financial services within two years read more eycyprus betterworkingworld ai,-0.016666666666666663,Neutral,0
1283008107669590017,catrionacampbel,2020-07-14,17:29:04,"Some firms avoid #AI, often due to a fear of the unknown. At #EY, I hope to lead our clients towards the unknown, to find #innovations that, although new and scary, could ensure they don't trail behind their competitors. Read my latest blog post here:   https://t.co/RRYLMTI0OP",13570102,530,[],"['AI', 'EY', 'innovations']",0,0,1,0,some firms avoid ai often due to a fear of the unknown at ey i hope to lead our clients towards the unknown to find innovations that although new and scary could ensure they dont trail behind their competitors read my latest blog post here,-0.08409090909090912,Neutral,0
1280174703550836738,alexsusma,2020-07-06,21:50:08,Proud of the continued work to improve and help our customers.  #EY #AI,23764909,530,[],"['EY', 'AI']",0,1,0,0,proud of the continued work to improve and help our customers ey ai,0.8,Positive,1
1280124225425158146,outsourcingpl,2020-07-06,18:29:33,WciƒÖ≈º wiele firm nie nadƒÖ≈ºa za rozwojem nowych technologii #EY #biznes #technologie #innowacje #IT #AI   https://t.co/VGTgIdw5Ce,195851307,530,[],"['EY', 'biznes', 'technologie', 'innowacje', 'IT', 'AI']",0,0,0,0,wci wiele firm nie nada za rozwojem nowych technologii ey biznes technologie innowacje it ai,-0.2,Negative,-1
1277775447661699072,somidax,2020-06-30,06:56:21,#StayConnected with this training via  https://t.co/gg8VM55WhC  #managementskills #peoplemanagement #safetyculture #USA #UAE #Africa #innovation #ey #pwc #deloitte #kpmg #LinkedIn #Linkedin #workforce #HR #covid19 #internalaudit #audit #news #ceo #podcast #fintech #payments  #ai,3036412084,530,[],"['StayConnected', 'managementskills', 'peoplemanagement', 'safetyculture', 'USA', 'UAE', 'Africa', 'innovation', 'ey', 'pwc', 'deloitte', 'kpmg', 'LinkedIn', 'Linkedin', 'workforce', 'HR', 'covid19', 'internalaudit', 'audit', 'news', 'ceo', 'podcast', 'fintech', 'payments', 'ai']",0,0,0,0,stayconnected with this training via managementskills peoplemanagement safetyculture usa uae africa innovation ey pwc deloitte kpmg linkedin linkedin workforce hr covid19 internalaudit audit news ceo podcast fintech payments ai,0.0,Neutral,0
1273626761427849219,somidax,2020-06-18,20:10:57,#StayConnected with this training via  https://t.co/hucwQYYPbi  #managementskills #peoplemanagement #safetyculture #USA #UAE #Africa #innovation #ey #pwc #deloitte #kpmg #LinkedIn #Linkedin #workforce #HR #covid19 #internalaudit #audit #news #ceo #podcast #fintech #payments  #ai,3036412084,530,[],"['StayConnected', 'managementskills', 'peoplemanagement', 'safetyculture', 'USA', 'UAE', 'Africa', 'innovation', 'ey', 'pwc', 'deloitte', 'kpmg', 'LinkedIn', 'Linkedin', 'workforce', 'HR', 'covid19', 'internalaudit', 'audit', 'news', 'ceo', 'podcast', 'fintech', 'payments', 'ai']",0,0,0,0,stayconnected with this training via managementskills peoplemanagement safetyculture usa uae africa innovation ey pwc deloitte kpmg linkedin linkedin workforce hr covid19 internalaudit audit news ceo podcast fintech payments ai,0.0,Neutral,0
1271427035190132739,nvidiala,2020-06-12,18:30:01,Descubra las soluciones de IVA en tiempo real basadas en #AI NVIDIA que nuestro socio #EY Chile creo para ofrecer a sus clientes. Obtenga m√°s informaci√≥n:  https://t.co/mFnLlaONbu  https://t.co/42bHEF3Xzw,1250836841227522048,530,[],"['AI', 'EY']",0,7,6,0,descubra las soluciones de iva en tiempo real basadas en ai nvidia que nuestro socio ey chile creo para ofrecer a sus clientes obtenga ms informacin,0.2,Positive,1
1267470880096935937,gasgebouw,2020-06-01,20:29:40,@RogerVleugels @PaulEMetz #BB #OB #OR #IE #AI #EU #EC #P3 #MP #VN #US #EY #IT #CN #DE #NL #FR #ES #GB #CB #OM   @deOrde,2996166729,530,"['RogerVleugels', 'PaulEMetz', 'deOrde']","['BB', 'OB', 'OR', 'IE', 'AI', 'EU', 'EC', 'P3', 'MP', 'VN', 'US', 'EY', 'IT', 'CN', 'DE', 'NL', 'FR', 'ES', 'GB', 'CB', 'OM']",0,0,0,0,rogervleugels paulemetz bb ob or ie ai eu ec p3 mp vn us ey it cn de nl fr es gb cb om deorde,0.0,Neutral,0
1265284734499745792,jayendran_a,2020-05-26,19:42:43,Great to see @EYnews is approachinf faster with the AI  #ai #ey,1103871775211835399,530,['EYnews'],"['ai', 'ey']",0,0,0,0,great to see eynews is approachinf faster with the ai ai ey,0.8,Positive,1
1263380669574647808,plimantour,2020-05-21,13:36:38,#EY has been recognized as a #Leader in #Cloud #Professional #Services for our customer service capability and the strength of our global presence in a recent survey by #IDC MarketScape. #EY #wavespace‚Ñ¢ (#EMEIA #innovation and #AI‚Ä¶ https://t.co/bB6ifnK1Gl  https://t.co/2zi7g4za1A,62098160,530,[],"['EY', 'Leader', 'Cloud', 'Professional', 'Services', 'IDC', 'EY', 'wavespace', 'EMEIA', 'innovation', 'AI']",0,0,1,0,ey has been recognized as a leader in cloud professional services for our customer service capability and the strength of our global presence in a recent survey by idc marketscape ey wavespace emeia innovation and ai,0.03333333333333333,Neutral,0
1255129061736751105,jcaiceo,2020-04-28,19:07:42,"Los invito este jueves 30 de abril al #webcast: ""#InteligenciaArtificial para la continuidad y resiliencia"", en el cual estar√© junto a mi partner @pcofre.  üìÖ Jueves 30 de Abril üïí De 9:30 a 10:30 horas (GMT-4) üìå Inscr√≠bete aqu√≠ ‚û°Ô∏è¬† https://t.co/UKSwIFo7go   #EY #Codiv19 #AI  https://t.co/u1R8RUbmkU",12803532,530,['pcofre'],"['webcast', 'InteligenciaArtificial', 'EY', 'Codiv19', 'AI']",0,23,14,0,los invito este jueves 30 de abril al webcast inteligenciaartificial para la continuidad y resiliencia en el cual estar junto a mi partner pcofre jueves 30 de abril de 930 a 1030 horas gmt4 inscrbete aqu ey codiv19 ai,0.0,Neutral,0
1254852763390967810,fanegrao,2020-04-28,00:49:47,Learn in this #EY research 6 HABITS observed in companies that excel in #Digital #Transformation and present better financial performance than companies that have yet to adopt them.   #digitaltransformation #AI #customer #innova‚Ä¶ https://t.co/hZiftBLHbb  https://t.co/Y0FVXOzUSw,53371310,530,[],"['EY', 'Digital', 'Transformation', 'digitaltransformation', 'AI', 'customer', 'innova']",0,0,0,0,learn in this ey research 6 habits observed in companies that excel in digital transformation and present better financial performance than companies that have yet to adopt them digitaltransformation ai customer innova,0.125,Positive,1
1253608307459317760,dr_thomas_erwin,2020-04-24,14:24:46,Krisenfest durch Automatisierung - was jetzt im Rechnungswesen passieren wird.  #betterquestions #EY #AI  https://t.co/6f7WTXzMYp,969275088246845440,530,[],"['betterquestions', 'EY', 'AI']",0,1,0,0,krisenfest durch automatisierung was jetzt im rechnungswesen passieren wird betterquestions ey ai,0.0,Neutral,0
1253228033244311553,jimackenzie1,2020-04-23,13:13:41,Seamless delivery of services has never been more of a priority for #telco operators in these challenging times. Find out how smarter #capex planning in the #5G era can help deliver a better experience for customers by harnessing #EY #TMT #AI. @Go_Byond  https://t.co/ucY2adBfOw,892339231510626304,530,['Go_Byond'],"['telco', 'capex', '5G', 'EY', 'TMT', 'AI']",0,0,0,0,seamless delivery of services has never been more of a priority for telco operators in these challenging times find out how smarter capex planning in the 5g era can help deliver a better experience for customers by harnessing ey tmt ai gobyond,0.4,Positive,1
1250802655665872898,jayendran_a,2020-04-16,20:36:06,Back to back learning #Eybadges !  #AI #DataScience #Agile #EY  https://t.co/5W2lvtl7c0,1103871775211835399,530,[],"['Eybadges', 'AI', 'DataScience', 'Agile', 'EY']",1,3,0,1,back to back learning eybadges ai datascience agile ey,0.16666666666666666,Positive,1
1249744371508858880,kanishkgaur,2020-04-13,22:30:51,Spoke on Future of open source intelligence in Cyber Security to @cxotvnews #AI #EY,92579398,530,['cxotvnews'],"['AI', 'EY']",1,1,0,1,spoke on future of open source intelligence in cyber security to cxotvnews ai ey,0.0,Neutral,0
1243557623976296450,z_evan_g,2020-03-27,20:46:56,How #artificial #intelligence can help to measure long-term value #EY #AI #artificialintelligence  https://t.co/aXMz3Va1Gy,2289810205,530,[],"['artificial', 'intelligence', 'EY', 'AI', 'artificialintelligence']",0,0,1,0,how artificial intelligence can help to measure longterm value ey ai artificialintelligence,-0.6,Negative,-1
1240546408941252608,digiconasia,2020-03-19,13:21:26,"The region‚Äôs #digitaltransformation leadership is lagging behind now, but by 2022 the tables will turn, says an @EYnews report!  #APAC #AI #DX #Cloud #EY #Technology #DigitalInnovation #DigitalEconomy #DigiconAsia   https://t.co/MXHwB0Ck6p",1157174973712064513,530,['EYnews'],"['digitaltransformation', 'APAC', 'AI', 'DX', 'Cloud', 'EY', 'Technology', 'DigitalInnovation', 'DigitalEconomy', 'DigiconAsia']",0,3,2,0,the regions digitaltransformation leadership is lagging behind now but by 2022 the tables will turn says an eynews report apac ai dx cloud ey technology digitalinnovation digitaleconomy digiconasia,-0.4,Negative,-1
1237710611712262149,delawareglobal,2020-03-11,17:33:00,"Dr.-Ing. Frank Jenner of #EY in #Germany was among the experts addressing #AI, #IoT, advanced #analytics, machine learning and #blockchain in the #chemical and #bioscience industries at @DESCAlliance's #ChemTech 2020. Read more at  https://t.co/GIJCkBSh7G. #choosede #bio #chem",631661989,530,['DESCAlliance'],"['EY', 'Germany', 'AI', 'IoT', 'analytics', 'blockchain', 'chemical', 'bioscience', 'ChemTech', 'choosede', 'bio', 'chem']",0,3,0,0,dring frank jenner of ey in germany was among the experts addressing ai iot advanced analytics machine learning and blockchain in the chemical and bioscience industries at descalliances chemtech 2020 read more at choosede bio chem,0.45,Positive,1
1237697489681162240,expcomputer,2020-03-11,16:40:51,#Media and #entertainment companies in India say they must reinvent themselves to navigate the #technological disruption impacting the industry: #EY survey  https://t.co/bdUsrAqUe2 | #technology #technews #artificialintelligence #AI #RPA,2541264900,530,[],"['Media', 'entertainment', 'technological', 'EY', 'technology', 'technews', 'artificialintelligence', 'AI', 'RPA']",0,1,4,0,media and entertainment companies in india say they must reinvent themselves to navigate the technological disruption impacting the industry ey survey technology technews artificialintelligence ai rpa,0.0,Neutral,0
1237412561827610624,recruiter_emily,2020-03-10,21:48:39,The AI-human connection via @AccountingToday @RCArrowsmith -Great examples of firms using #AI #EY  https://t.co/EUoYbFj1jB,727870507987685377,530,"['AccountingToday', 'RCArrowsmith']","['AI', 'EY']",0,0,0,0,the aihuman connection via accountingtoday rcarrowsmith great examples of firms using ai ey,0.8,Positive,1
1235767300202078214,crndotin,2020-03-06,08:50:58,Only 23% of #manufacturing companies have a clear #digital strategy - #EY survey  https://t.co/z9ARD8X2gD | #channelnews #technews #artificialintelligence #AI #RPA,957876620009836544,530,[],"['manufacturing', 'digital', 'EY', 'channelnews', 'technews', 'artificialintelligence', 'AI', 'RPA']",0,0,0,0,only 23 of manufacturing companies have a clear digital strategy ey survey channelnews technews artificialintelligence ai rpa,0.03333333333333334,Neutral,0
1235535737354846209,expcomputer,2020-03-05,17:30:49,Only 23% of #manufacturing companies in India have a clear #digital strategy: #EY  https://t.co/qXvNefvlQQ | #technology #technews #artificialintelligence #AI #RPA,2541264900,530,[],"['manufacturing', 'digital', 'EY', 'technology', 'technews', 'artificialintelligence', 'AI', 'RPA']",0,0,0,0,only 23 of manufacturing companies in india have a clear digital strategy ey technology technews artificialintelligence ai rpa,0.03333333333333334,Neutral,0
1235234227999952898,workwidewomen,2020-03-04,21:32:44,"#TalentOnTech √® una grande occasione di crescita personale e professionale! #EY ha sviluppato per te un percorso formativo in cui potrai apprendere basi di #WebDevelopment, #MachineLearning &amp; #AI e #DataAnalysis. Cosa aspetti? Candidati su  https://t.co/1LSw9A9A2j.",1448124811,530,[],"['TalentOnTech', 'EY', 'WebDevelopment', 'MachineLearning', 'AI', 'DataAnalysis']",0,3,1,0,talentontech una grande occasione di crescita personale e professionale ey ha sviluppato per te un percorso formativo in cui potrai apprendere basi di webdevelopment machinelearning amp ai e dataanalysis cosa aspetti candidati su,0.0,Neutral,0
1233090375260073985,tradeshownews,2020-02-27,23:33:49,Gurucul Wins 2020 Cyber Defense Infosec Award at RSA Conference | Business Wire  https://t.co/jLX3CZUzfC #RSAC #ML #AI #IAM #securityanalytics #UEBA #EY #cybersecurity #IdA #UBA #threathunting #securityintelligence #machinelearning,15471192,530,[],"['RSAC', 'ML', 'AI', 'IAM', 'securityanalytics', 'UEBA', 'EY', 'cybersecurity', 'IdA', 'UBA', 'threathunting', 'securityintelligence', 'machinelearning']",0,1,1,0,gurucul wins 2020 cyber defense infosec award at rsa conference business wire rsac ml ai iam securityanalytics ueba ey cybersecurity ida uba threathunting securityintelligence machinelearning,0.3,Positive,1
1233071009936400384,plimantour,2020-02-27,22:16:52,Companies can take control of their futures by building #trusted #data and deploying #AI at scale.  #EY Beatriz Sanz Saiz  https://t.co/MhN2mh5y4U,62098160,530,[],"['trusted', 'data', 'AI', 'EY']",0,0,0,0,companies can take control of their futures by building trusted data and deploying ai at scale ey beatriz sanz saiz,0.0,Neutral,0
1232855688478507010,digiconasia,2020-02-27,08:01:16,"At this stage in AI‚Äôs pervasive #globalgrowth, are the bulging seams showing signs of cracking?  Read on and learn more about @EYnews recent poll!  #AI #APAC #EY #PatSnap #DeakinUniversity #Technology #DigitalTransformation #DigitalEconomy #DigiconAsia   https://t.co/IjAnWNHnwK",1157174973712064513,530,['EYnews'],"['globalgrowth', 'AI', 'APAC', 'EY', 'PatSnap', 'DeakinUniversity', 'Technology', 'DigitalTransformation', 'DigitalEconomy', 'DigiconAsia']",0,5,5,0,at this stage in ais pervasive globalgrowth are the bulging seams showing signs of cracking read on and learn more about eynews recent poll ai apac ey patsnap deakinuniversity technology digitaltransformation digitaleconomy digiconasia,0.25,Positive,1
1232782811171409921,tradeshownews,2020-02-27,03:11:40,Gurucul Launches Industry‚Äôs First Cloud-Native Unified Security and Risk Analytics Platform for End-to-End Protection of Borderless IT Environments | Business Wire  https://t.co/7zyW6vMPD9 #RSAC #IdA #cybersecurity #UBA #threathunting #EY #securityanalytics #ML #IAM #UEBA #AI,15471192,530,[],"['RSAC', 'IdA', 'cybersecurity', 'UBA', 'threathunting', 'EY', 'securityanalytics', 'ML', 'IAM', 'UEBA', 'AI']",0,1,1,0,gurucul launches industrys first cloudnative unified security and risk analytics platform for endtoend protection of borderless it environments business wire rsac ida cybersecurity uba threathunting ey securityanalytics ml iam ueba ai,0.25,Positive,1
1232719536887123970,dr_thomas_erwin,2020-02-26,23:00:15,"If you wonder what the near-term future holds for highly specialized knowledge workers, find below the latest and greatest about what the legal departments of this world are in for.  #BetterWorkingWorld #betterquestions #EY #AI #datafabric #changerider  https://t.co/ASAQanGE5k",969275088246845440,530,[],"['BetterWorkingWorld', 'betterquestions', 'EY', 'AI', 'datafabric', 'changerider']",0,0,0,0,if you wonder what the nearterm future holds for highly specialized knowledge workers find below the latest and greatest about what the legal departments of this world are in for betterworkingworld betterquestions ey ai datafabric changerider,0.372,Positive,1
1232657054189465601,dr_thomas_erwin,2020-02-26,18:51:58,"If you wonder what the near-term future holds for highly specialized knowledge workers, find below the latest and greatest about what the legal departments of this world are in for.  #BetterWorkingWorld #betterquestions #EY #AI #datafabric #changerider  https://t.co/FNAXWqZhS3",969275088246845440,530,[],"['BetterWorkingWorld', 'betterquestions', 'EY', 'AI', 'datafabric', 'changerider']",0,0,0,0,if you wonder what the nearterm future holds for highly specialized knowledge workers find below the latest and greatest about what the legal departments of this world are in for betterworkingworld betterquestions ey ai datafabric changerider,0.372,Positive,1
1232523158055309313,mathster_0598,2020-02-26,09:59:54,A shortfall of transparency hampers artificial intelligence: study  https://t.co/MqiMEwXWHN via @DigiconAsia #AI #DigiconAsia #Data #Automation #APAC #EY #PartSnap,432456740,530,['DigiconAsia'],"['AI', 'DigiconAsia', 'Data', 'Automation', 'APAC', 'EY', 'PartSnap']",0,5,7,0,a shortfall of transparency hampers artificial intelligence study via digiconasia ai digiconasia data automation apac ey partsnap,-0.6,Negative,-1
1231778149093892096,tradeshownews,2020-02-24,08:39:30,Gurucul Automates and Advances Threat Hunting with AI/ML for Intelligent Threat Detection and Faster Response Times | Business Wire  https://t.co/a4NbVWmPFE #RSAC #UEBA #securityintelligence #threathunting #IAM #IdA #AI #ML #securityanalytics #cybersecurity #UBA #EY,15471192,530,[],"['RSAC', 'UEBA', 'securityintelligence', 'threathunting', 'IAM', 'IdA', 'AI', 'ML', 'securityanalytics', 'cybersecurity', 'UBA', 'EY']",0,2,2,0,gurucul automates and advances threat hunting with aiml for intelligent threat detection and faster response times business wire rsac ueba securityintelligence threathunting iam ida ai ml securityanalytics cybersecurity uba ey,0.8,Positive,1
1231000708788445185,jeff__wong,2020-02-22,05:10:14,"#TBT to a great #AIImpactWeekend where talented students created innovative #AI solutions to address climate change. Inspired by the energy-it resonates w/ me as our #EY team continues to bring together diversity of experience, background, thought to build sustainable communities  https://t.co/UNWMTQoH8e",3285755682,530,[],"['TBT', 'AIImpactWeekend', 'AI', 'EY']",0,2,0,0,tbt to a great aiimpactweekend where talented students created innovative ai solutions to address climate change inspired by the energyit resonates w me as our ey team continues to bring together diversity of experience background thought to build sustainable communities,0.6666666666666666,Positive,1
1230946541550043136,plimantour,2020-02-22,01:35:00,Mass Adoption Of #AI In #Financial #Services Expected Within Two Years. #EY study findings in his #Forbes article:  https://t.co/5bIc8Z91Pf,62098160,530,[],"['AI', 'Financial', 'Services', 'EY', 'Forbes']",0,0,0,0,mass adoption of ai in financial services expected within two years ey study findings in his forbes article,-0.05,Neutral,0
1230824844557770753,kkaskikallio,2020-02-21,17:31:25,Sain osallistua Teko√§ly Nyt podcast sarjan tekemiseen jakamalle #EY kokemuksia ja ajatuksia. Erityisesti asiakirja rikkaassa asiantuntija ty√∂ss√§ #AI kanssa. Kiitos Antti Merilehto ja tiimi.   https://t.co/YDzp77oH5V,3478155501,530,[],"['EY', 'AI']",0,1,0,0,sain osallistua tekoly nyt podcast sarjan tekemiseen jakamalle ey kokemuksia ja ajatuksia erityisesti asiakirja rikkaassa asiantuntija tyss ai kanssa kiitos antti merilehto ja tiimi,0.0,Neutral,0
1229664507091472384,expcomputer,2020-02-18,12:40:39,Stringent regulatory and compliance requirements the top challenge when implementing digital for Indian #Pharma companies: #EY report  https://t.co/nF98r4iKTJ | #technology #technews #artificialintelligence #AI #RPA,2541264900,530,[],"['Pharma', 'EY', 'technology', 'technews', 'artificialintelligence', 'AI', 'RPA']",0,0,1,0,stringent regulatory and compliance requirements the top challenge when implementing digital for indian pharma companies ey report technology technews artificialintelligence ai rpa,0.25,Positive,1
1228371149224128512,dr_thomas_erwin,2020-02-14,23:01:18,"New metrics for new times are on the horizon - getting the plumbing in place to make this a reality will be a key challenges for organizations. Like they say: if you can't measure it, you can't manage it.  #EY #AI #datafabric #changerider #data  https://t.co/6cbTP8Lu99",969275088246845440,530,[],"['EY', 'AI', 'datafabric', 'changerider', 'data']",0,0,0,0,new metrics for new times are on the horizon getting the plumbing in place to make this a reality will be a key challenges for organizations like they say if you cant measure it you cant manage it ey ai datafabric changerider data,0.0909090909090909,Neutral,0
1228295683800780800,dr_thomas_erwin,2020-02-14,18:01:26,"New metrics for new times are on the horizon - getting the plumbing in place to make this a reality will be a key challenges for organizations. Like they say: if you can't measure it, you can't manage it.  #EY #AI #datafabric #changerider #data  https://t.co/dO35a4W4zz",969275088246845440,530,[],"['EY', 'AI', 'datafabric', 'changerider', 'data']",0,0,0,0,new metrics for new times are on the horizon getting the plumbing in place to make this a reality will be a key challenges for organizations like they say if you cant measure it you cant manage it ey ai datafabric changerider data,0.0909090909090909,Neutral,0
1228241821601370112,dr_thomas_erwin,2020-02-14,14:27:24,"New metrics for new times are on the horizon - getting the plumbing in place to make this a reality will be a key challenges for organizations. Like they say: if you can't measure it, you can't manage it.  #EY #AI #datafabric #changerider #data  https://t.co/YuIEeQWsuy",969275088246845440,530,[],"['EY', 'AI', 'datafabric', 'changerider', 'data']",0,0,0,0,new metrics for new times are on the horizon getting the plumbing in place to make this a reality will be a key challenges for organizations like they say if you cant measure it you cant manage it ey ai datafabric changerider data,0.0909090909090909,Neutral,0
1227284083891458056,dr_thomas_erwin,2020-02-11,23:01:42,It's safe to assume that a) business will still be driven by people and b) the working world for these people will change fast (#IntelligentAutomation). So finding the right talent will remain a key challenge. Here's how to navigate.  #EY #AI #changerider  https://t.co/R5GTLC4AI6,969275088246845440,530,[],"['IntelligentAutomation', 'EY', 'AI', 'changerider']",0,0,0,0,its safe to assume that a business will still be driven by people and b the working world for these people will change fast intelligentautomation so finding the right talent will remain a key challenge heres how to navigate ey ai changerider,0.2464285714285714,Positive,1
1227208468706230274,dr_thomas_erwin,2020-02-11,18:01:14,It's safe to assume that a) business will still be driven by people and b) the working world for these people will change fast (#IntelligentAutomation). So finding the right talent will remain a key challenge. Here's how to navigate.  #EY #AI #changerider  https://t.co/Tk4otiV6Au,969275088246845440,530,[],"['IntelligentAutomation', 'EY', 'AI', 'changerider']",0,0,0,0,its safe to assume that a business will still be driven by people and b the working world for these people will change fast intelligentautomation so finding the right talent will remain a key challenge heres how to navigate ey ai changerider,0.2464285714285714,Positive,1
1227152977166786560,dr_thomas_erwin,2020-02-11,14:20:43,It's safe to assume that a) business will still be driven by people and b) the working world for these people will change fast (#IntelligentAutomation). So finding the right talent will remain a key challenge. Here's how to navigate.  #EY #AI #changerider  https://t.co/uasBm13Mjp,969275088246845440,530,[],"['IntelligentAutomation', 'EY', 'AI', 'changerider']",0,0,0,0,its safe to assume that a business will still be driven by people and b the working world for these people will change fast intelligentautomation so finding the right talent will remain a key challenge heres how to navigate ey ai changerider,0.2464285714285714,Positive,1
1225776347844358144,rdantas_ey,2020-02-07,19:10:29,AI is already a reality in Financial Services. It will be the ‚Äúnew normal‚Äù soon. Check it out!  #AI #EY #financialservices #artificialintelligence  https://t.co/iDq2mXQMgQ,892512288841793541,530,[],"['AI', 'EY', 'financialservices', 'artificialintelligence']",0,0,0,0,ai is already a reality in financial services it will be the new normal soon check it out ai ey financialservices artificialintelligence,0.09545454545454546,Neutral,0
1225753735126749185,plimantour,2020-02-07,17:40:38,#AI #FinancialServices #EY  https://t.co/VGgWvVMQyt,62098160,530,[],"['AI', 'FinancialServices', 'EY']",0,0,0,0,ai financialservices ey,0.0,Neutral,0
1225753364576731137,plimantour,2020-02-07,17:39:10,Why #AI will redefine the #financial #services industry in two years.  #EY #Innovation  https://t.co/VvMnhkCDho,62098160,530,[],"['AI', 'financial', 'services', 'EY', 'Innovation']",0,0,0,0,why ai will redefine the financial services industry in two years ey innovation,0.0,Neutral,0
1225408839148851201,dr_thomas_erwin,2020-02-06,18:50:08,"I know we have been beating this drum for a while. Yet in 2020 I find most organizations still struggling with getting data ""right"". That said, it is the foundation for everything else - so let's get to it. #EY #AI #TrustedIntelligence #Businessdatafabric  https://t.co/lvDXGuHlwV",969275088246845440,530,[],"['EY', 'AI', 'TrustedIntelligence', 'Businessdatafabric']",0,0,0,0,i know we have been beating this drum for a while yet in 2020 i find most organizations still struggling with getting data right that said it is the foundation for everything else so lets get to it ey ai trustedintelligence businessdatafabric,0.39285714285714285,Positive,1
1225393587527077888,dr_thomas_erwin,2020-02-06,17:49:32,"I know we have been beating this drum for a while. Yet in 2020 I find most organizations still struggling with getting data ""right"". That said, it is the foundation for everything else - so let's get to it. #EY #AI #TrustedIntelligence #Businessdatafabric  https://t.co/qFcALmiGc1",969275088246845440,530,[],"['EY', 'AI', 'TrustedIntelligence', 'Businessdatafabric']",0,0,0,0,i know we have been beating this drum for a while yet in 2020 i find most organizations still struggling with getting data right that said it is the foundation for everything else so lets get to it ey ai trustedintelligence businessdatafabric,0.39285714285714285,Positive,1
1225034172005330944,dr_thomas_erwin,2020-02-05,18:01:21,"A lot of folks still want to start discussing their transformation journeys via the technology angle, but success will actually depend on people. Let's start discussing outcomes and how the people involved can achieve them. #BetterWorkingWorld #EY #AI  https://t.co/adhoqwjsim",969275088246845440,530,[],"['BetterWorkingWorld', 'EY', 'AI']",0,0,0,0,a lot of folks still want to start discussing their transformation journeys via the technology angle but success will actually depend on people lets start discussing outcomes and how the people involved can achieve them betterworkingworld ey ai,0.15,Positive,1
1224940426588819457,dr_thomas_erwin,2020-02-05,11:48:50,"A lot of folks still want to start discussing their transformation journeys via the technology angle, but success will actually depend on people. Let's start discussing outcomes and how the people involved can achieve them. #BetterWorkingWorld #EY #AI  https://t.co/MgprD6qcbC",969275088246845440,530,[],"['BetterWorkingWorld', 'EY', 'AI']",0,0,0,0,a lot of folks still want to start discussing their transformation journeys via the technology angle but success will actually depend on people lets start discussing outcomes and how the people involved can achieve them betterworkingworld ey ai,0.15,Positive,1
1224689324463136768,joseluis_leal,2020-02-04,19:11:03,Congratulations @SanzSaiz  for such an inspiring article ! How smart can our organisations be without trusted and meaningful data? Time has come to reimagine data management and scale #AI. Exciting times ahead ! #EY #EYTrustedAI,1224031376149794825,530,['SanzSaiz'],"['AI', 'EY', 'EYTrustedAI']",0,1,0,0,congratulations sanzsaiz for such an inspiring article how smart can our organisations be without trusted and meaningful data time has come to reimagine data management and scale ai exciting times ahead ey eytrustedai,0.3028571428571429,Positive,1
1222995513559199759,alastairallen,2020-01-31,03:00:27,"Thanks to the team at #EY for inviting me to speak at their global healthcare forum this week on how @KainosSoftware are helping customers with their digital transformation - through open standards, cloud computing and putting users first #DigitalHospital #fhir #openEHR #AI  https://t.co/ATr5ip9p6X",137770576,530,['KainosSoftware'],"['EY', 'DigitalHospital', 'fhir', 'openEHR', 'AI']",0,15,5,0,thanks to the team at ey for inviting me to speak at their global healthcare forum this week on how kainossoftware are helping customers with their digital transformation through open standards cloud computing and putting users first digitalhospital fhir openehr ai,0.09,Neutral,0
1222940915213295616,bridgeweave2,2020-01-30,23:23:29,"It's great to have our CEO, Bruce Keith on this panel talking about 'Reaching the Next Generation of Investors' at the Emerging Tech 2020 #EY #ET2020 #innovation #ai #fintech #FintechUK #wealthmanagment #AssetManagement #DigitalTransformation #business #FinancialServices  https://t.co/NMFz6J4lyq",1030153664084799489,530,[],"['EY', 'ET2020', 'innovation', 'ai', 'fintech', 'FintechUK', 'wealthmanagment', 'AssetManagement', 'DigitalTransformation', 'business', 'FinancialServices']",0,5,1,0,its great to have our ceo bruce keith on this panel talking about reaching the next generation of investors at the emerging tech 2020 ey et2020 innovation ai fintech fintechuk wealthmanagment assetmanagement digitaltransformation business financialservices,0.4,Positive,1
1222656006225707008,estescio,2020-01-30,04:31:22,Thank you Eric Boyette for speaking at the EY Charlotte Wavespace Grand Opening  #emergingtechnology  #ey #ai #emergingtrends  https://t.co/jIQtUTpwCC,97464278,530,[],"['emergingtechnology', 'ey', 'ai', 'emergingtrends']",0,6,1,0,thank you eric boyette for speaking at the ey charlotte wavespace grand opening emergingtechnology ey ai emergingtrends,0.5,Positive,1
1222569130827620353,bjorklinda,2020-01-29,22:46:09,Successful #AI implementation: 10% about algorithms 30% platforms and 60% implementation of ways of working &amp; competence - Women in Tech #WITsthlm2020  pre-event at #EY with @ericsson @Kirstyfitzgibb1 and #EY @evasparr sharing latest findings within #AI #Telekom #ML #TeamEricsson  https://t.co/aj8UudVs3l,114559381,530,"['ericsson', 'Kirstyfitzgibb1', 'evasparr']","['AI', 'WITsthlm2020', 'EY', 'EY', 'AI', 'Telekom', 'ML', 'TeamEricsson']",0,3,0,0,successful ai implementation 10 about algorithms 30 platforms and 60 implementation of ways of working amp competence women in tech witsthlm2020 preevent at ey with ericsson kirstyfitzgibb1 and ey evasparr sharing latest findings within ai telekom ml teamericsson,0.625,Positive,1
1222400247973834752,lanza_pietro79,2020-01-29,11:35:04,Great classroom @ Luiss Master in Management &amp; Technology with @andreapalianiEY and @fabiomoioli  #IBM  #EY  #master  #luiss  #luissbusinessschool  #villablanc  #blockchain  #AI  #acceleraitalia  #quantumcomputing  https://t.co/ZrRF4y0YQa,27758177,530,"['andreapalianiEY', 'fabiomoioli']","['IBM', 'EY', 'master', 'luiss', 'luissbusinessschool', 'villablanc', 'blockchain', 'AI', 'acceleraitalia', 'quantumcomputing']",0,6,4,0,great classroom luiss master in management amp technology with andreapalianiey and fabiomoioli ibm ey master luiss luissbusinessschool villablanc blockchain ai acceleraitalia quantumcomputing,0.8,Positive,1
1222233242503385088,jarokrolewski,2020-01-29,00:31:27,#synerise #microsoft #ey #pzu #pekao #zabka #carrefour #orange #ai #program reach #polish #students in #lithuania  https://t.co/3hPy8dQAkR,2817365839,530,[],"['synerise', 'microsoft', 'ey', 'pzu', 'pekao', 'zabka', 'carrefour', 'orange', 'ai', 'program', 'polish', 'students', 'lithuania']",1,33,3,1,synerise microsoft ey pzu pekao zabka carrefour orange ai program reach polish students in lithuania,0.0,Neutral,0
1222184670655406080,toniaphr,2020-01-28,21:18:27,Will AI connect brands to consumers or create a chasm between them? #EY #AI  https://t.co/FCU6iKLTlp,56407542,530,[],"['EY', 'AI']",0,0,0,0,will ai connect brands to consumers or create a chasm between them ey ai,0.0,Neutral,0
1220437849729880066,estescio,2020-01-24,01:37:12,Exciting to see progress on helping people with  #emergingtechnology #innovation #ey #digitaltransformation #leadership #ai  https://t.co/pugIhze8Ft,97464278,530,[],"['emergingtechnology', 'innovation', 'ey', 'digitaltransformation', 'leadership', 'ai']",0,3,0,0,exciting to see progress on helping people with emergingtechnology innovation ey digitaltransformation leadership ai,0.3,Positive,1
1219997134734401536,ey_greece,2020-01-22,20:25:58,Œ†œéœÇ Œ∑ Œ§ŒµœáŒΩŒ∑œÑŒÆ ŒùŒøŒ∑ŒºŒøœÉœçŒΩŒ∑ ŒºŒµœÑŒ±œÉœáŒ∑ŒºŒ±œÑŒØŒ∂ŒµŒπ œÑŒøŒΩ œÑœÅœåœÄŒø ŒºŒµ œÑŒøŒΩ ŒøœÄŒøŒØŒø Œ±ŒªŒªŒ∑ŒªŒøŒµœÄŒπŒ¥œÅŒøœçŒΩ ŒøŒπ Œ∫Œ±œÑŒ±ŒΩŒ±ŒªœâœÑŒ≠œÇ ŒºŒµ œÑŒ± brands;   ŒîŒπŒ±Œ≤Œ¨œÉœÑŒµ ŒµŒ¥œé:  https://t.co/jKhHLspgz7  #EY #EYGreece #AI #Consumer  https://t.co/C2mH7J6jls,1857095750,530,[],"['EY', 'EYGreece', 'AI', 'Consumer']",0,1,0,0,brands ey eygreece ai consumer,0.0,Neutral,0
1219235831648542720,dr_thomas_erwin,2020-01-20,18:00:49,"""Time equals money"" - during our London hack week we modeled a ""Time First"" world exploring what opportunities lie in social capital built up by choosing to spend time on something. Lots of implications.  #BetterWorkingWorld #EY #AI  https://t.co/HQI6tHV9FW",969275088246845440,530,[],"['BetterWorkingWorld', 'EY', 'AI']",0,0,0,0,time equals money during our london hack week we modeled a time first world exploring what opportunities lie in social capital built up by choosing to spend time on something lots of implications betterworkingworld ey ai,0.14166666666666666,Positive,1
1219149284286849024,dr_thomas_erwin,2020-01-20,12:16:54,"""Time equals money"" - during our London hack week we modeled a ""Time First"" world exploring what opportunities lie in social capital built up by choosing to spend time on something. Lots of implications.  #BetterWorkingWorld  #EY #AI  #transformation  https://t.co/rEDjYiw62X",969275088246845440,530,[],"['BetterWorkingWorld', 'EY', 'AI', 'transformation']",0,0,0,0,time equals money during our london hack week we modeled a time first world exploring what opportunities lie in social capital built up by choosing to spend time on something lots of implications betterworkingworld ey ai transformation,0.14166666666666666,Positive,1
1217913815880388613,mesalliance,2020-01-17,02:27:36,EY is empowering businesses with artificial intelligence #AI #EY #MicrosoftAI @EYnews  https://t.co/MR2gre8Wq4  https://t.co/Eli2ST9F3U,491460384,530,['EYnews'],"['AI', 'EY', 'MicrosoftAI']",0,0,0,0,ey is empowering businesses with artificial intelligence ai ey microsoftai eynews,-0.6,Negative,-1
1217913811287474177,smartcontentnws,2020-01-17,02:27:35,EY is empowering businesses with artificial intelligence .... #AI #EY #MicrosoftAI @EYnews  https://t.co/HlsWWmIRIr  https://t.co/hvOx8dJSi6,2816501643,530,['EYnews'],"['AI', 'EY', 'MicrosoftAI']",0,0,0,0,ey is empowering businesses with artificial intelligence ai ey microsoftai eynews,-0.6,Negative,-1
1217908920510902272,larrydib,2020-01-17,02:08:08,"How do you build trust in artificial intelligence (AI)? EY Trusted AI Platform provides an integrated approach to evaluate, quantify and monitor the impact and trustworthiness of artificial intelligence. #ai #artificialintelligence #ey #trust  https://t.co/TLikDb296m",14632083,530,[],"['ai', 'artificialintelligence', 'ey', 'trust']",0,0,1,0,how do you build trust in artificial intelligence ai ey trusted ai platform provides an integrated approach to evaluate quantify and monitor the impact and trustworthiness of artificial intelligence ai artificialintelligence ey trust,-0.6,Negative,-1
1217794798825938944,dr_thomas_erwin,2020-01-16,18:34:40,"Any technological tool is only as good as the human enterprise it creates. As leaders, we have to ensure we apply technology in ways that are socially inclusive - says Andy Baldwin, and I couldn't agree more.   #BetterWorkingWorld #WEF20 #EY #AI  https://t.co/nWQf3Z8zdN",969275088246845440,530,[],"['BetterWorkingWorld', 'WEF20', 'EY', 'AI']",0,0,0,0,any technological tool is only as good as the human enterprise it creates as leaders we have to ensure we apply technology in ways that are socially inclusive says andy baldwin and i couldnt agree more betterworkingworld wef20 ey ai,0.24666666666666667,Positive,1
1216983899538104320,dr_thomas_erwin,2020-01-14,12:52:26,Digital twins of machines and their environments can help drive operational excellence - here's some ideas how.  #betterworkingworld  #betterquestions #nextwave #EY #AI #TrustedIntelligence  #Businessdatafabric #transformation  https://t.co/NVeOcqaqpK,969275088246845440,530,[],"['betterworkingworld', 'betterquestions', 'nextwave', 'EY', 'AI', 'TrustedIntelligence', 'Businessdatafabric', 'transformation']",0,0,0,0,digital twins of machines and their environments can help drive operational excellence heres some ideas how betterworkingworld betterquestions nextwave ey ai trustedintelligence businessdatafabric transformation,0.0,Neutral,0
1216804029465911296,healthmktr,2020-01-14,00:57:42,@peterdurlach of @NuanceComms has #AI underneath 90% of #EMRs and is now in #partnership w @MicrosoftNext for #clinical #healthcare. #mcdermott #EY @jpmorgan  https://t.co/kxgnPY4dNL,104659231,530,"['peterdurlach', 'NuanceComms', 'MicrosoftNext', 'jpmorgan']","['AI', 'EMRs', 'partnership', 'clinical', 'healthcare', 'mcdermott', 'EY']",0,0,0,0,peterdurlach of nuancecomms has ai underneath 90 of emrs and is now in partnership w microsoftnext for clinical healthcare mcdermott ey jpmorgan,0.0,Neutral,0
1216748991137882114,imdicksont,2020-01-13,21:19:00,Discover here: Is #AI the start of the truly creative human  https://t.co/tYCsLxe3E4 @nicmorbia #creativehumancapital #EY #dicksontang #futurereadycreativity,708953754230333440,530,['nicmorbia'],"['AI', 'creativehumancapital', 'EY', 'dicksontang', 'futurereadycreativity']",0,0,0,0,discover here is ai the start of the truly creative human nicmorbia creativehumancapital ey dicksontang futurereadycreativity,0.25,Positive,1
1216625008568623104,dr_thomas_erwin,2020-01-13,13:06:20,20 for 20 follow-up: blockchain definitely a force to be reckoned with. Another technology where we are now in the phase where real applications will replace the hype.  #betterworkingworld  #nextwave #EY #AI #TrustedIntelligence  #transformation  https://t.co/y8mCiwowJD,969275088246845440,530,[],"['betterworkingworld', 'nextwave', 'EY', 'AI', 'TrustedIntelligence', 'transformation']",0,1,0,0,20 for 20 followup blockchain definitely a force to be reckoned with another technology where we are now in the phase where real applications will replace the hype betterworkingworld nextwave ey ai trustedintelligence transformation,0.1,Positive,1
1215548535627767808,dr_thomas_erwin,2020-01-10,13:48:49,With a few days into this new decade now's a good time to set some expectations. Naturally these would be informed by good questions being asked. Here's some suggestions.  #betterworkingworld  #betterquestions #nextwave #EY #AI #TrustedIntelligence  https://t.co/DhZeJxlEUy,969275088246845440,530,[],"['betterworkingworld', 'betterquestions', 'nextwave', 'EY', 'AI', 'TrustedIntelligence']",0,0,0,0,with a few days into this new decade nows a good time to set some expectations naturally these would be informed by good questions being asked heres some suggestions betterworkingworld betterquestions nextwave ey ai trustedintelligence,0.28727272727272724,Positive,1
1215250228435214338,theivanmannino,2020-01-09,18:03:27,"In this #data-driven world, is #trust the hardest thing to build? Join us on January 23 for a thought-provoking event on building trust and #ethics in #AI to combat #moneylaundering. REGISTER NOW!  https://t.co/mzGwKMadsj #buildingabetterworkingworld #betterquestions #EY",1178649118379515904,530,[],"['data', 'trust', 'ethics', 'AI', 'moneylaundering', 'buildingabetterworkingworld', 'betterquestions', 'EY']",0,1,0,0,in this datadriven world is trust the hardest thing to build join us on january 23 for a thoughtprovoking event on building trust and ethics in ai to combat moneylaundering register now buildingabetterworkingworld betterquestions ey,0.0,Neutral,0
1215207059823611904,simandharedu,2020-01-09,15:11:55,"Why the Big Four #AuditFirms #PWC, #EY, #Deloitte &amp; #KPMG Are investing Heavily in #Artificialintelligence (#Ai).   https://t.co/4gYkFWIpwc  #CPAexam #CMA #CPATraining #CMACoaching @Cal_CPA @CMAEduUCF @GGFLca @KayJohnsonGee @JemilaIdris_ @PhillipsLtd @Chartered_Accts @PANITWIT",903677792751017985,530,"['Cal_CPA', 'CMAEduUCF', 'GGFLca', 'KayJohnsonGee', 'JemilaIdris_', 'PhillipsLtd', 'Chartered_Accts', 'PANITWIT']","['AuditFirms', 'PWC', 'EY', 'Deloitte', 'KPMG', 'Artificialintelligence', 'Ai', 'CPAexam', 'CMA', 'CPATraining', 'CMACoaching']",0,1,0,0,why the big four auditfirms pwc ey deloitte amp kpmg are investing heavily in artificialintelligence ai cpaexam cma cpatraining cmacoaching calcpa cmaeduucf ggflca kayjohnsongee jemilaidris phillipsltd charteredaccts panitwit,-0.1,Negative,-1
1215192025009655809,dr_thomas_erwin,2020-01-09,14:12:10,Figuring out how to make use of (data-driven) technology in a way it benefits humans will be one of the key challenges to tackle in this new decade. Here's some ideas where to start.  #betterworkingworld  #AI #TrustedIntelligence #EY  https://t.co/1X0RtfduPQ,969275088246845440,530,[],"['betterworkingworld', 'AI', 'TrustedIntelligence', 'EY']",0,1,0,0,figuring out how to make use of datadriven technology in a way it benefits humans will be one of the key challenges to tackle in this new decade heres some ideas where to start betterworkingworld ai trustedintelligence ey,0.06818181818181818,Neutral,0
1214923212334743553,roshannnikhil,2020-01-08,20:24:00,#BigFour #AccountingFirms #PWC #EY #KPMG #Deloitte #ConsultingFirms #AI #ArtificialIntelligence #Robotics #Accountants #Accounting #Consultants #Consultancy #Advisory #Accountant #Consultant #Actuary #ConsultingActuary #NED #NonExec #NonExecutiveDirector   https://t.co/mdiBKdNeiQ,132163121,530,[],"['BigFour', 'AccountingFirms', 'PWC', 'EY', 'KPMG', 'Deloitte', 'ConsultingFirms', 'AI', 'ArtificialIntelligence', 'Robotics', 'Accountants', 'Accounting', 'Consultants', 'Consultancy', 'Advisory', 'Accountant', 'Consultant', 'Actuary', 'ConsultingActuary', 'NED', 'NonExec', 'NonExecutiveDirector']",1,0,0,1,bigfour accountingfirms pwc ey kpmg deloitte consultingfirms ai artificialintelligence robotics accountants accounting consultants consultancy advisory accountant consultant actuary consultingactuary ned nonexec nonexecutivedirector,0.0,Neutral,0
1213124134080827392,bridgelearning1,2020-01-03,21:15:06,"Interestingly, according to #Gartner Hype Cycle for AI, in autonomous vehicles üöóit will plateau in more than üîüyears   #AI #automotive #cars #mercedes #ford #generalmotors #nissan #mazda #honda #toyota #mitsubishi #bmw #hyundai #ey #kpmg #accenture #vw #renault #pwc #psa #mbusa  https://t.co/MsFNF3Ue6w",1088101291635732480,530,[],"['Gartner', 'AI', 'automotive', 'cars', 'mercedes', 'ford', 'generalmotors', 'nissan', 'mazda', 'honda', 'toyota', 'mitsubishi', 'bmw', 'hyundai', 'ey', 'kpmg', 'accenture', 'vw', 'renault', 'pwc', 'psa', 'mbusa']",0,1,1,0,interestingly according to gartner hype cycle for ai in autonomous vehicles it will plateau in more than years ai automotive cars mercedes ford generalmotors nissan mazda honda toyota mitsubishi bmw hyundai ey kpmg accenture vw renault pwc psa mbusa,0.4666666666666666,Positive,1
1212934446787284997,aydinmsft,2020-01-03,08:41:22,"#GigNow powers the gig economy through #AI, machine learning, and analytics - #Microsoft #Azure #EY Sebastien Cheraux  https://t.co/fj6BN6J1rJ #MSFTAdvocate",1592732142,530,[],"['GigNow', 'AI', 'Microsoft', 'Azure', 'EY', 'MSFTAdvocate']",0,1,1,0,gignow powers the gig economy through ai machine learning and analytics microsoft azure ey sebastien cheraux msftadvocate,0.0,Neutral,0
